Muestra,Etapa,Tratamiento,Sitio,TAR,ARF,CO,GA
M001,Etapa1,Control,Norte,4.905,6.748,3.762,5.06
M002,Etapa1,Control,Norte,4.684,6.208,3.237,4.149
M003,Etapa1,Control,Norte,4.841,5.649,3.683,5.5
M004,Etapa1,Control,Norte,4.402,6.604,3.766,4.968
M005,Etapa1,Control,Norte,4.011,6.106,3.72,5.762
M006,Etapa1,Control,Norte,4.857,6.055,5.418,7.582
M007,Etapa1,Control,Norte,7.126,7.027,3.426,4.163
M008,Etapa1,Control,Norte,5.522,3.877,3.104,5.735
M009,Etapa1,Control,Norte,4.859,8.876,2.226,3.184
M010,Etapa1,Control,Norte,3.898,8.164,4.359,4.115
M011,Etapa1,Control,Norte,3.69,4.145,3.044,2.368
M012,Etapa1,Control,Norte,2.55,6.733,4.003,5.183
M013,Etapa1,Control,Norte,4.421,5.361,5.239,4.052
M014,Etapa1,Control,Norte,3.983,5.579,3.631,5.538
M015,Etapa1,Control,Norte,5.637,7.384,3.308,4.01
M016,Etapa1,Control,Norte,4.601,7.217,4.078,4.95
M017,Etapa1,Control,Norte,3.861,7.541,2.471,3.38
M018,Etapa1,Control,Norte,5.901,5.112,7.033,7.445
M019,Etapa1,Control,Norte,3.776,5.543,3.516,4.652
M020,Etapa1,Control,Norte,5.754,6.401,4.203,4.872
M021,Etapa1,Control,Norte,4.943,7.383,4.159,6.066
M022,Etapa1,Control,Norte,4.217,8.403,3.737,5.007
M023,Etapa1,Control,Norte,5.481,7.146,5.194,6.579
M024,Etapa1,Control,Norte,5.946,6.62,5.716,7.144
M025,Etapa1,Control,Norte,1.406,9.462,4.102,6.214
M026,Etapa1,Control,Norte,4.406,4.875,3.29,5.56
M027,Etapa1,Control,Norte,6.947,5.793,2.672,4.646
M028,Etapa1,Control,Norte,3.88,4.933,4.242,5.608
M029,Etapa1,Control,Norte,4.711,6.074,2.843,3.871
M030,Etapa1,Control,Norte,5.509,8.589,5.843,5.694
M031,Etapa1,Control,Norte,3.901,7.1,5.511,6.095
M032,Etapa1,Control,Norte,2.855,4.143,3.903,5.152
M033,Etapa1,Control,Norte,5.619,8.518,2.896,5.703
M034,Etapa1,Control,Norte,4.183,1.461,3.743,4.039
M035,Etapa1,Control,Norte,4.476,6.083,1.993,3.02
M036,Etapa1,Control,Norte,3.723,6.41,2.819,3.995
M037,Etapa1,Control,Norte,2.601,9.293,3.73,5.443
M038,Etapa1,Control,Norte,3.558,6.452,3.715,5.664
M039,Etapa1,Control,Norte,4.874,6.221,4.439,6.004
M040,Etapa1,Control,Norte,7.03,6.387,4.688,6.795
M041,Etapa1,Control,Norte,5.339,7.301,3.46,5.585
M042,Etapa1,Control,Norte,6.454,5.094,2.313,3.191
M043,Etapa1,Control,Norte,2.386,6.793,4.343,4.532
M044,Etapa1,Control,Norte,5.216,4.448,3.1,4.322
M045,Etapa1,Control,Norte,4.638,8.595,5.296,7.112
M046,Etapa1,Control,Norte,6.174,4.601,3.206,3.585
M047,Etapa1,Control,Norte,4.187,5.633,6.27,7.573
M048,Etapa1,Control,Norte,3.199,8.542,3.289,4.846
M049,Etapa1,Control,Norte,4.546,4.863,4.248,3.358
M050,Etapa1,Control,Norte,5.851,10.988,5.252,6.46
M051,Etapa1,Control,Centro,2.649,6.49,4.84,7.254
M052,Etapa1,Control,Centro,3.088,9.487,4.821,6.644
M053,Etapa1,Control,Centro,5.468,5.063,4.536,5.744
M054,Etapa1,Control,Centro,4.545,7.054,1.67,2.275
M055,Etapa1,Control,Centro,4.184,8.816,4.082,6.54
M056,Etapa1,Control,Centro,4.149,5.909,3.726,4.07
M057,Etapa1,Control,Centro,5.831,5.692,4.87,5.962
M058,Etapa1,Control,Centro,6.822,6.83,4.072,4.328
M059,Etapa1,Control,Centro,9.272,8.194,5.601,8.331
M060,Etapa1,Control,Centro,5.686,5.699,5.006,5.413
M061,Etapa1,Control,Centro,7.11,4.28,4.338,4.872
M062,Etapa1,Control,Centro,1.911,4.051,3.733,6.066
M063,Etapa1,Control,Centro,4.829,5.901,4.186,6.164
M064,Etapa1,Control,Centro,3.864,7.453,3.192,3.983
M065,Etapa1,Control,Centro,5.197,6.978,2.354,3.737
M066,Etapa1,Control,Centro,7.144,4.973,3.483,6.855
M067,Etapa1,Control,Centro,4.003,6.798,5.196,7.008
M068,Etapa1,Control,Centro,4.028,6.094,5.082,8.559
M069,Etapa1,Control,Centro,7.695,8.261,2.579,5.175
M070,Etapa1,Control,Centro,6.245,8.001,4.286,4.576
M071,Etapa1,Control,Centro,4.096,8.146,4.459,6.439
M072,Etapa1,Control,Centro,5.019,6.997,4.563,5.669
M073,Etapa1,Control,Centro,5.166,6.382,3.431,3.87
M074,Etapa1,Control,Centro,7.876,7.615,3.927,3.298
M075,Etapa1,Control,Centro,4.046,7.088,4.411,6.199
M076,Etapa1,Control,Centro,3.894,3.561,4.26,5.844
M077,Etapa1,Control,Centro,4.536,7.293,4.322,6.374
M078,Etapa1,Control,Centro,4.302,4.862,3.184,4.338
M079,Etapa1,Control,Centro,6.458,6.284,4.781,6.209
M080,Etapa1,Control,Centro,4.675,2.553,5.058,7.089
M081,Etapa1,Control,Centro,6.026,4.763,5.526,6.83
M082,Etapa1,Control,Centro,4.791,7.71,4.679,5.794
M083,Etapa1,Control,Centro,6.004,3.859,3.386,4.39
M084,Etapa1,Control,Centro,6.612,7.83,4.87,5.98
M085,Etapa1,Control,Centro,5.996,7.956,4.268,5.544
M086,Etapa1,Control,Centro,5.128,5.758,4.806,6.199
M087,Etapa1,Control,Centro,2.165,7.614,3.996,5.099
M088,Etapa1,Control,Centro,5.805,8.132,5.578,7.54
M089,Etapa1,Control,Centro,3.024,9.987,5.06,4.632
M090,Etapa1,Control,Centro,5.124,8.404,3.975,4.997
M091,Etapa1,Control,Centro,6.111,6.596,2.63,5.263
M092,Etapa1,Control,Centro,5.171,5.929,6.499,8.422
M093,Etapa1,Control,Centro,4.847,7.404,4.71,4.313
M094,Etapa1,Control,Centro,3.311,4.62,5.569,5.221
M095,Etapa1,Control,Centro,4.891,8.375,5.248,6.368
M096,Etapa1,Control,Centro,3.301,4.019,5.269,5.529
M097,Etapa1,Control,Centro,3.877,8.731,5.222,6.458
M098,Etapa1,Control,Centro,5.1,3.908,5.738,7.644
M099,Etapa1,Control,Centro,3.955,5.255,5.373,7.39
M100,Etapa1,Control,Centro,4.977,5.302,3.921,5.046
M101,Etapa1,Control,Sur,6.026,8.129,4.357,5.4
M102,Etapa1,Control,Sur,8.456,3.23,4.333,6.382
M103,Etapa1,Control,Sur,5.417,3.467,5.535,6.334
M104,Etapa1,Control,Sur,5.924,4.814,8.035,11.89
M105,Etapa1,Control,Sur,4.914,5.626,4.536,6.112
M106,Etapa1,Control,Sur,6.598,6.982,4.974,7.478
M107,Etapa1,Control,Sur,4.604,4.998,3.677,5.458
M108,Etapa1,Control,Sur,2.383,5.434,3.253,6.836
M109,Etapa1,Control,Sur,4.329,4.175,3.553,4.619
M110,Etapa1,Control,Sur,5.752,7.294,4.584,6.698
M111,Etapa1,Control,Sur,5.959,3.09,5.143,4.977
M112,Etapa1,Control,Sur,4.518,8.59,4.45,5.801
M113,Etapa1,Control,Sur,6.557,6.503,5.924,6.619
M114,Etapa1,Control,Sur,7.363,9.038,4.595,7.107
M115,Etapa1,Control,Sur,6.976,9.752,4.39,5.908
M116,Etapa1,Control,Sur,7.888,6.975,3.08,5.921
M117,Etapa1,Control,Sur,4.688,4.78,4.56,7.174
M118,Etapa1,Control,Sur,3.908,4.688,4.076,6.147
M119,Etapa1,Control,Sur,6.326,7.666,5.326,6.773
M120,Etapa1,Control,Sur,4.39,6.53,5.517,5.85
M121,Etapa1,Control,Sur,6.751,8.695,1.966,3.513
M122,Etapa1,Control,Sur,7.217,7.408,4.727,7.724
M123,Etapa1,Control,Sur,6.246,4.748,3.176,4.993
M124,Etapa1,Control,Sur,8.042,5.282,4.475,6.461
M125,Etapa1,Control,Sur,4.646,6.161,5.818,7.738
M126,Etapa1,Control,Sur,6.698,8.65,5.617,8.193
M127,Etapa1,Control,Sur,6.866,3.758,5.327,6.101
M128,Etapa1,Control,Sur,5.301,7.488,2.572,2.421
M129,Etapa1,Control,Sur,5.38,5.794,4.809,6.743
M130,Etapa1,Control,Sur,5.92,5.58,3.802,4.458
M131,Etapa1,Control,Sur,4.837,7.913,4.106,7.016
M132,Etapa1,Control,Sur,6.318,8.522,3.461,4.372
M133,Etapa1,Control,Sur,8.541,6.277,5.355,6.186
M134,Etapa1,Control,Sur,7.002,8.888,5.598,6.787
M135,Etapa1,Control,Sur,3.951,7.248,2.759,3.503
M136,Etapa1,Control,Sur,4.505,6.724,4.639,5.397
M137,Etapa1,Control,Sur,5.088,5.321,2.826,4.594
M138,Etapa1,Control,Sur,3.821,4.865,3.846,6.286
M139,Etapa1,Control,Sur,4.527,8.191,3.14,5.225
M140,Etapa1,Control,Sur,5.013,7.033,5.474,8.048
M141,Etapa1,Control,Sur,7.165,7.539,5.492,6.984
M142,Etapa1,Control,Sur,5.209,3.526,2.86,5.022
M143,Etapa1,Control,Sur,5.901,9.012,3.218,5.093
M144,Etapa1,Control,Sur,7.333,5.531,2.147,5.409
M145,Etapa1,Control,Sur,5.979,1.748,3.54,6.484
M146,Etapa1,Control,Sur,5.887,9.395,5.109,5.552
M147,Etapa1,Control,Sur,5.532,5.527,4.752,6.316
M148,Etapa1,Control,Sur,5.966,5.481,3.488,3.945
M149,Etapa1,Control,Sur,6.391,8.574,4.217,8.555
M150,Etapa1,Control,Sur,7.165,11.184,4.087,5.974
M151,Etapa1,Estrés,Norte,6.648,7.887,4.303,3.979
M152,Etapa1,Estrés,Norte,6.208,8.375,5.723,5.544
M153,Etapa1,Estrés,Norte,5.256,8.831,6.123,5.644
M154,Etapa1,Estrés,Norte,7.343,6.259,5.305,6.134
M155,Etapa1,Estrés,Norte,7.173,6.198,5.517,3.675
M156,Etapa1,Estrés,Norte,4.215,5.696,3.355,3.837
M157,Etapa1,Estrés,Norte,6.844,4.006,4.857,5.506
M158,Etapa1,Estrés,Norte,6.955,7.904,5.84,4.821
M159,Etapa1,Estrés,Norte,3.852,7.99,4.079,6.248
M160,Etapa1,Estrés,Norte,8.197,9.665,4.411,6.027
M161,Etapa1,Estrés,Norte,6.764,7.031,6.346,7.365
M162,Etapa1,Estrés,Norte,6.176,6.463,3.855,4.968
M163,Etapa1,Estrés,Norte,5.871,5.872,5.385,7.035
M164,Etapa1,Estrés,Norte,5.383,8.138,3.899,4.987
M165,Etapa1,Estrés,Norte,4.133,9.789,5.678,6.89
M166,Etapa1,Estrés,Norte,5.576,4.887,5.811,8.402
M167,Etapa1,Estrés,Norte,4.411,7.716,7.229,6.655
M168,Etapa1,Estrés,Norte,4.745,7.259,5.346,6.226
M169,Etapa1,Estrés,Norte,8.787,4.799,3.375,5.651
M170,Etapa1,Estrés,Norte,5.862,4.788,6.384,7.554
M171,Etapa1,Estrés,Norte,6.981,7.846,4.715,5.608
M172,Etapa1,Estrés,Norte,6.289,7.921,4.816,5.145
M173,Etapa1,Estrés,Norte,5.066,5.457,2.847,3.59
M174,Etapa1,Estrés,Norte,4.216,4.217,5.213,6.747
M175,Etapa1,Estrés,Norte,5.125,6.692,4.275,6.835
M176,Etapa1,Estrés,Norte,6.47,8.452,4.249,6.438
M177,Etapa1,Estrés,Norte,3.33,7.404,2.758,4.806
M178,Etapa1,Estrés,Norte,7.098,7.361,4.51,5.53
M179,Etapa1,Estrés,Norte,7.667,3.992,3.95,5.823
M180,Etapa1,Estrés,Norte,5.106,6.251,6.589,7.745
M181,Etapa1,Estrés,Norte,6.336,4.61,3.838,3.994
M182,Etapa1,Estrés,Norte,6.131,5.4,2.616,3.546
M183,Etapa1,Estrés,Norte,4.228,7.961,5.942,7.142
M184,Etapa1,Estrés,Norte,7.291,7.279,4.602,5.113
M185,Etapa1,Estrés,Norte,6.953,8.931,6.968,9.389
M186,Etapa1,Estrés,Norte,6.388,4.719,5.464,6.913
M187,Etapa1,Estrés,Norte,6.26,9.793,4.576,6.765
M188,Etapa1,Estrés,Norte,8.393,7.6,6.698,6.561
M189,Etapa1,Estrés,Norte,5.781,6.236,5.539,7.063
M190,Etapa1,Estrés,Norte,5.626,5.578,5.796,6.71
M191,Etapa1,Estrés,Norte,5.7,7.115,6.004,6.146
M192,Etapa1,Estrés,Norte,7.321,7.784,6.528,7.607
M193,Etapa1,Estrés,Norte,5.269,4.963,5.916,7.868
M194,Etapa1,Estrés,Norte,7.015,9.191,3.433,3.713
M195,Etapa1,Estrés,Norte,7.666,5.837,4.563,6.465
M196,Etapa1,Estrés,Norte,3.768,4.133,5.491,6.833
M197,Etapa1,Estrés,Norte,5.917,3.319,1.687,2.924
M198,Etapa1,Estrés,Norte,3.444,4.243,5.439,7.384
M199,Etapa1,Estrés,Norte,6.294,10.308,5.686,7.009
M200,Etapa1,Estrés,Norte,6.1,6.793,4.701,4.218
M201,Etapa1,Estrés,Centro,6.156,5.362,4.482,5.257
M202,Etapa1,Estrés,Centro,4.559,3.726,5.443,6.614
M203,Etapa1,Estrés,Centro,6.416,8.797,4.713,8.587
M204,Etapa1,Estrés,Centro,3.98,3.074,6.732,7.81
M205,Etapa1,Estrés,Centro,7.863,7.663,5.418,6.55
M206,Etapa1,Estrés,Centro,5.154,6.967,4.128,5.845
M207,Etapa1,Estrés,Centro,6.719,3.943,5.625,7.482
M208,Etapa1,Estrés,Centro,4.664,7.582,4.086,5.643
M209,Etapa1,Estrés,Centro,6.129,4.557,3.729,6.743
M210,Etapa1,Estrés,Centro,6.742,8.184,5.753,6.545
M211,Etapa1,Estrés,Centro,6.109,6.144,6.737,7.818
M212,Etapa1,Estrés,Centro,5.638,7.899,4.476,6.212
M213,Etapa1,Estrés,Centro,7.404,8.938,5.323,7.583
M214,Etapa1,Estrés,Centro,7.944,8.951,3.285,4.303
M215,Etapa1,Estrés,Centro,5.504,7.263,4.925,7.489
M216,Etapa1,Estrés,Centro,8.32,2.365,3.643,6.047
M217,Etapa1,Estrés,Centro,6.549,6.323,7.777,7.245
M218,Etapa1,Estrés,Centro,6.859,8.901,5.838,8.079
M219,Etapa1,Estrés,Centro,4.742,7.467,4.259,7.045
M220,Etapa1,Estrés,Centro,5.949,5.165,5.365,6.523
M221,Etapa1,Estrés,Centro,7.262,6.638,4.833,7.261
M222,Etapa1,Estrés,Centro,5.721,4.206,5.731,7.906
M223,Etapa1,Estrés,Centro,7.067,7.782,3.985,6.046
M224,Etapa1,Estrés,Centro,5.64,7.77,6.67,7.416
M225,Etapa1,Estrés,Centro,6.294,7.364,5.21,8.13
M226,Etapa1,Estrés,Centro,7.66,6.497,5.879,7.521
M227,Etapa1,Estrés,Centro,7.583,6.179,5.135,5.119
M228,Etapa1,Estrés,Centro,6.244,6.56,5.084,7.436
M229,Etapa1,Estrés,Centro,6.076,6.867,2.59,4.28
M230,Etapa1,Estrés,Centro,5.338,4.768,5.663,4.137
M231,Etapa1,Estrés,Centro,7.156,7.366,7.763,8.914
M232,Etapa1,Estrés,Centro,7.995,7.483,3.468,5.121
M233,Etapa1,Estrés,Centro,5.86,10.541,4.506,6.721
M234,Etapa1,Estrés,Centro,6.022,5.638,3.519,3.691
M235,Etapa1,Estrés,Centro,8.436,7.089,6.136,6.266
M236,Etapa1,Estrés,Centro,5.843,9.905,4.685,7.193
M237,Etapa1,Estrés,Centro,6.096,7.091,6.545,9.566
M238,Etapa1,Estrés,Centro,4.509,3.134,5.927,7.703
M239,Etapa1,Estrés,Centro,8.557,7.538,3.732,6.401
M240,Etapa1,Estrés,Centro,4.94,5.473,3.632,6.106
M241,Etapa1,Estrés,Centro,6.593,3.871,5.345,7.124
M242,Etapa1,Estrés,Centro,6.885,2.958,4.629,6.908
M243,Etapa1,Estrés,Centro,4.96,7.387,5.289,7.352
M244,Etapa1,Estrés,Centro,8.062,5.386,5.084,5.559
M245,Etapa1,Estrés,Centro,5.758,5.27,4.443,5.48
M246,Etapa1,Estrés,Centro,6.142,6.512,6.055,8.206
M247,Etapa1,Estrés,Centro,6.488,3.837,3.995,6.119
M248,Etapa1,Estrés,Centro,6.871,8.058,5.199,7.116
M249,Etapa1,Estrés,Centro,7.053,5.827,5.009,6.8
M250,Etapa1,Estrés,Centro,5.533,5.627,4.979,3.978
M251,Etapa1,Estrés,Sur,10.355,8.366,3.562,4.668
M252,Etapa1,Estrés,Sur,9.81,3.824,4.592,5.748
M253,Etapa1,Estrés,Sur,8.044,5.252,5.314,7.972
M254,Etapa1,Estrés,Sur,4.769,4.994,4.077,5.764
M255,Etapa1,Estrés,Sur,7.833,1.562,4.263,4.331
M256,Etapa1,Estrés,Sur,6.313,7.242,3.894,7.061
M257,Etapa1,Estrés,Sur,7.001,6.252,5.088,5.399
M258,Etapa1,Estrés,Sur,7.91,1.434,4.954,6.523
M259,Etapa1,Estrés,Sur,10.198,6.985,5.371,7.191
M260,Etapa1,Estrés,Sur,7.181,5.712,4.633,6.996
M261,Etapa1,Estrés,Sur,7.272,7.667,5.006,6.97
M262,Etapa1,Estrés,Sur,8.092,7.037,4.713,6.984
M263,Etapa1,Estrés,Sur,8.881,10.336,4.926,5.37
M264,Etapa1,Estrés,Sur,6.858,5.336,3.917,6.348
M265,Etapa1,Estrés,Sur,6.678,5.086,6.539,6.57
M266,Etapa1,Estrés,Sur,8.155,8.04,3.004,4.667
M267,Etapa1,Estrés,Sur,7.866,7.485,6.144,9.458
M268,Etapa1,Estrés,Sur,7.127,9.005,5.666,7.727
M269,Etapa1,Estrés,Sur,6.795,4.921,3.53,7.059
M270,Etapa1,Estrés,Sur,7.492,10.506,5.397,7.119
M271,Etapa1,Estrés,Sur,7.226,5.046,5.234,5.429
M272,Etapa1,Estrés,Sur,6.426,4.732,5.064,8.755
M273,Etapa1,Estrés,Sur,9.429,4.668,5.298,8.04
M274,Etapa1,Estrés,Sur,9.419,7.257,5.495,7.333
M275,Etapa1,Estrés,Sur,8.308,5.449,3.313,5.089
M276,Etapa1,Estrés,Sur,7.263,6.244,3.454,4.985
M277,Etapa1,Estrés,Sur,9.259,5.813,6.565,10.109
M278,Etapa1,Estrés,Sur,8.309,4.679,3.964,4.951
M279,Etapa1,Estrés,Sur,6.484,3.163,7.397,9.698
M280,Etapa1,Estrés,Sur,4.935,7.681,4.801,7.747
M281,Etapa1,Estrés,Sur,7.163,9.157,5.385,6.019
M282,Etapa1,Estrés,Sur,8.301,7.903,7.17,10.915
M283,Etapa1,Estrés,Sur,6.179,4.956,4.217,5.601
M284,Etapa1,Estrés,Sur,7.139,2.626,6.161,6.794
M285,Etapa1,Estrés,Sur,8.418,4.781,4.823,7.245
M286,Etapa1,Estrés,Sur,7.591,9.067,4.807,6.994
M287,Etapa1,Estrés,Sur,7.969,5.541,3.652,6.553
M288,Etapa1,Estrés,Sur,6.734,8.578,6.47,7.19
M289,Etapa1,Estrés,Sur,6.802,10.12,3.499,4.591
M290,Etapa1,Estrés,Sur,7.208,5.652,4.754,6.042
M291,Etapa1,Estrés,Sur,7.815,5.854,4.418,5.277
M292,Etapa1,Estrés,Sur,9.693,5.547,4.701,8.274
M293,Etapa1,Estrés,Sur,8.78,7.763,6.35,5.925
M294,Etapa1,Estrés,Sur,6.729,7.835,4.643,5.675
M295,Etapa1,Estrés,Sur,7.366,11.476,4.665,6.33
M296,Etapa1,Estrés,Sur,6.111,6.235,5.217,5.536
M297,Etapa1,Estrés,Sur,7.119,9.962,4.553,7.803
M298,Etapa1,Estrés,Sur,7.404,7.176,5.332,8.51
M299,Etapa1,Estrés,Sur,5.407,6.29,5.476,7.624
M300,Etapa1,Estrés,Sur,8.325,7.323,5.248,9.406
M301,Etapa2,Control,Norte,8.221,4.735,6.801,7.438
M302,Etapa2,Control,Norte,9.382,7.638,4.877,5.978
M303,Etapa2,Control,Norte,7.098,8.955,5.858,6.483
M304,Etapa2,Control,Norte,10.131,4.434,6.086,6.296
M305,Etapa2,Control,Norte,8.13,6.147,5.834,6.095
M306,Etapa2,Control,Norte,10.033,7.165,5.443,4.343
M307,Etapa2,Control,Norte,6.668,6.968,4.853,5.877
M308,Etapa2,Control,Norte,7.672,6.561,7.225,9.77
M309,Etapa2,Control,Norte,5.913,6.751,4.201,4.913
M310,Etapa2,Control,Norte,7.906,7.784,4.274,5.483
M311,Etapa2,Control,Norte,8.81,3.225,6.191,5.842
M312,Etapa2,Control,Norte,7.943,9.214,5.254,6.085
M313,Etapa2,Control,Norte,6.089,2.439,5.387,8.286
M314,Etapa2,Control,Norte,6.085,9.197,5.441,4.915
M315,Etapa2,Control,Norte,6.648,7.252,7.087,6.623
M316,Etapa2,Control,Norte,6.132,7.505,6.468,8.151
M317,Etapa2,Control,Norte,7.971,3.765,4.631,5.74
M318,Etapa2,Control,Norte,7.783,8.183,5.722,7.774
M319,Etapa2,Control,Norte,6.633,3.961,6.316,6.353
M320,Etapa2,Control,Norte,7.253,6.305,2.67,3.87
M321,Etapa2,Control,Norte,5.614,9.163,5.569,4.479
M322,Etapa2,Control,Norte,5.69,5.768,6.662,6.957
M323,Etapa2,Control,Norte,7.73,9.199,4.139,4.556
M324,Etapa2,Control,Norte,6.369,9.661,5.75,7.154
M325,Etapa2,Control,Norte,7.723,4.964,5.991,5.546
M326,Etapa2,Control,Norte,7.368,6.39,3.929,5.816
M327,Etapa2,Control,Norte,7.386,6.342,6.259,7.442
M328,Etapa2,Control,Norte,7.277,10.159,7.124,7.788
M329,Etapa2,Control,Norte,5.471,9.34,4.232,3.612
M330,Etapa2,Control,Norte,4.557,5.623,8.263,8.431
M331,Etapa2,Control,Norte,4.94,10.511,5.932,4.285
M332,Etapa2,Control,Norte,9.019,6.163,3.957,6.595
M333,Etapa2,Control,Norte,9.705,8.666,6.623,7.264
M334,Etapa2,Control,Norte,8.238,9.82,6.211,6.589
M335,Etapa2,Control,Norte,6.533,5.449,5.435,6.812
M336,Etapa2,Control,Norte,5.922,7.01,6.888,7.437
M337,Etapa2,Control,Norte,7.077,8.896,5.893,6.677
M338,Etapa2,Control,Norte,9.279,8.569,7.746,7.423
M339,Etapa2,Control,Norte,7.04,7.363,9.031,8.569
M340,Etapa2,Control,Norte,5.684,7.374,4.93,5.73
M341,Etapa2,Control,Norte,7.292,9.121,4.173,5.856
M342,Etapa2,Control,Norte,4.925,6.133,5.815,7.824
M343,Etapa2,Control,Norte,8.328,7.296,5.926,7.33
M344,Etapa2,Control,Norte,7.097,7.102,4.8,6.71
M345,Etapa2,Control,Norte,8.803,7.906,6.329,6.394
M346,Etapa2,Control,Norte,6.718,8.751,4.504,5.135
M347,Etapa2,Control,Norte,5.743,5.804,6.728,8.313
M348,Etapa2,Control,Norte,8.046,6.863,6.334,6.874
M349,Etapa2,Control,Norte,6.275,7.374,4.691,4.312
M350,Etapa2,Control,Norte,5.469,7.986,5.5,4.991
M351,Etapa2,Control,Centro,5.715,5.91,4.929,7.233
M352,Etapa2,Control,Centro,6.118,5.149,4.583,6.324
M353,Etapa2,Control,Centro,5.549,7.634,4.145,4.781
M354,Etapa2,Control,Centro,9.269,6.122,4.606,5.748
M355,Etapa2,Control,Centro,9.263,6.451,5.417,7.1
M356,Etapa2,Control,Centro,8.642,9.386,6.514,8.716
M357,Etapa2,Control,Centro,7.697,8.019,6.094,5.293
M358,Etapa2,Control,Centro,7.17,9.016,7.089,7.696
M359,Etapa2,Control,Centro,6.221,8.673,6.156,7.068
M360,Etapa2,Control,Centro,8.78,6.787,6.836,7.742
M361,Etapa2,Control,Centro,8.771,9.842,8.208,9.042
M362,Etapa2,Control,Centro,10.165,7.281,5.508,6.953
M363,Etapa2,Control,Centro,7.64,3.661,4.432,5.901
M364,Etapa2,Control,Centro,8.157,8.015,4.77,6.371
M365,Etapa2,Control,Centro,5.727,7.116,5.191,6.177
M366,Etapa2,Control,Centro,6.97,5.834,7.272,8.361
M367,Etapa2,Control,Centro,8.614,8.051,6.775,6.698
M368,Etapa2,Control,Centro,8.545,5.826,6.246,7.551
M369,Etapa2,Control,Centro,7.837,7.252,3.882,6.527
M370,Etapa2,Control,Centro,8.561,9.517,5.796,6.612
M371,Etapa2,Control,Centro,7.881,8.078,4.157,5.779
M372,Etapa2,Control,Centro,6.955,7.892,6.462,8.065
M373,Etapa2,Control,Centro,7.966,6.185,4.561,5.265
M374,Etapa2,Control,Centro,6.777,7.48,4.884,6.9
M375,Etapa2,Control,Centro,6.672,5.171,5.994,6.223
M376,Etapa2,Control,Centro,9.313,8.582,4.566,5.676
M377,Etapa2,Control,Centro,6.389,7.642,6.396,7.859
M378,Etapa2,Control,Centro,9.272,7.856,5.423,5.641
M379,Etapa2,Control,Centro,7.03,7.948,5.602,5.802
M380,Etapa2,Control,Centro,8.582,5.607,5.689,7.948
M381,Etapa2,Control,Centro,7.724,6.878,5.206,7.043
M382,Etapa2,Control,Centro,8.766,8.071,4.137,5.097
M383,Etapa2,Control,Centro,9.367,5.509,6.724,6.558
M384,Etapa2,Control,Centro,7.21,7.662,5.852,6.815
M385,Etapa2,Control,Centro,6.974,7.949,5.023,6.593
M386,Etapa2,Control,Centro,8.407,8.836,6.949,7.263
M387,Etapa2,Control,Centro,10.106,9.825,5.856,6.773
M388,Etapa2,Control,Centro,9.1,7.193,6.867,7.256
M389,Etapa2,Control,Centro,5.439,11.01,5.224,7.085
M390,Etapa2,Control,Centro,10.077,9.287,6.714,9.047
M391,Etapa2,Control,Centro,7.678,10.839,5.847,6.964
M392,Etapa2,Control,Centro,9.249,9.245,5.63,6.477
M393,Etapa2,Control,Centro,8.087,6.564,4.575,4.71
M394,Etapa2,Control,Centro,10.087,8.799,4.682,6.341
M395,Etapa2,Control,Centro,9.893,7.7,5.847,7.83
M396,Etapa2,Control,Centro,8.874,6.813,4.49,6.757
M397,Etapa2,Control,Centro,6.769,8.46,5.293,6.478
M398,Etapa2,Control,Centro,7.646,7.766,5.089,5.659
M399,Etapa2,Control,Centro,8.617,8.889,5.908,7.426
M400,Etapa2,Control,Centro,7.203,6.461,6.628,7.514
M401,Etapa2,Control,Sur,6.435,6.915,3.514,4.825
M402,Etapa2,Control,Sur,7.531,7.329,6.699,6.931
M403,Etapa2,Control,Sur,8.52,6.187,5.349,4.494
M404,Etapa2,Control,Sur,8.352,6.503,5.625,7.004
M405,Etapa2,Control,Sur,8.409,6.973,6.052,8.148
M406,Etapa2,Control,Sur,8.164,7.725,6.205,7.431
M407,Etapa2,Control,Sur,8.974,7.163,4.437,5.55
M408,Etapa2,Control,Sur,9.978,9.458,4.342,7.018
M409,Etapa2,Control,Sur,7.587,6.13,6.784,6.497
M410,Etapa2,Control,Sur,7.513,7.766,5.724,6.652
M411,Etapa2,Control,Sur,8.084,5.002,5.563,5.35
M412,Etapa2,Control,Sur,7.549,9.342,5.694,7.408
M413,Etapa2,Control,Sur,10.711,4.809,3.219,4.372
M414,Etapa2,Control,Sur,8.369,7.554,4.028,6.117
M415,Etapa2,Control,Sur,6.834,6.954,5.393,6.218
M416,Etapa2,Control,Sur,8.758,8.895,5.116,7.233
M417,Etapa2,Control,Sur,8.484,7.698,6.515,9.827
M418,Etapa2,Control,Sur,10.764,7.673,4.231,6.424
M419,Etapa2,Control,Sur,9.367,7.006,4.756,5.806
M420,Etapa2,Control,Sur,9.595,6.363,3.867,4.476
M421,Etapa2,Control,Sur,7.54,7.141,4.613,7.787
M422,Etapa2,Control,Sur,8.281,9.62,5.067,7.59
M423,Etapa2,Control,Sur,8.373,10.503,4.965,7.17
M424,Etapa2,Control,Sur,7.152,6.56,8.594,10.333
M425,Etapa2,Control,Sur,10.814,6.127,6.245,6.21
M426,Etapa2,Control,Sur,9.24,4.78,8.584,9.759
M427,Etapa2,Control,Sur,8.053,10.459,6.715,9.044
M428,Etapa2,Control,Sur,10.12,5.228,5.308,7.937
M429,Etapa2,Control,Sur,5.152,8.299,2.804,4.064
M430,Etapa2,Control,Sur,9.487,8.957,5.793,7.521
M431,Etapa2,Control,Sur,9.729,6.364,6.816,9.015
M432,Etapa2,Control,Sur,9.43,7.286,5.993,8.098
M433,Etapa2,Control,Sur,8.69,8.25,5.371,7.212
M434,Etapa2,Control,Sur,10.441,7.54,4.968,6.754
M435,Etapa2,Control,Sur,7.879,7.914,5.133,7.524
M436,Etapa2,Control,Sur,11.335,9.29,4.53,5.749
M437,Etapa2,Control,Sur,9.588,7.28,5.242,6.557
M438,Etapa2,Control,Sur,7.718,7.479,3.115,3.542
M439,Etapa2,Control,Sur,8.469,9.039,6.639,9.296
M440,Etapa2,Control,Sur,9.352,7.14,6.546,8.415
M441,Etapa2,Control,Sur,6.907,7.668,5.48,6.405
M442,Etapa2,Control,Sur,8.219,7.627,6.022,8.825
M443,Etapa2,Control,Sur,8.426,8.064,6.049,9.258
M444,Etapa2,Control,Sur,7.058,7.708,6.456,7.208
M445,Etapa2,Control,Sur,9.143,10.896,5.652,6.364
M446,Etapa2,Control,Sur,6.675,7.903,4.731,6.607
M447,Etapa2,Control,Sur,8.271,4.996,4.237,6.331
M448,Etapa2,Control,Sur,9.777,6.246,4.793,6.059
M449,Etapa2,Control,Sur,9.254,5.311,5.289,7.327
M450,Etapa2,Control,Sur,8.413,7.229,7.166,8.819
M451,Etapa2,Estrés,Norte,8.696,8.629,6.645,6.781
M452,Etapa2,Estrés,Norte,9.365,7.208,6.638,5.599
M453,Etapa2,Estrés,Norte,8.818,4.966,4.143,5.616
M454,Etapa2,Estrés,Norte,10.181,3.772,5.667,6.642
M455,Etapa2,Estrés,Norte,11.384,9.265,7.275,7.981
M456,Etapa2,Estrés,Norte,9.062,7.663,6.641,6.854
M457,Etapa2,Estrés,Norte,8.594,8.882,6.786,7.34
M458,Etapa2,Estrés,Norte,9.369,9.888,6.365,6.009
M459,Etapa2,Estrés,Norte,6.115,3.946,6.443,7.47
M460,Etapa2,Estrés,Norte,9.693,8.373,6.362,7.399
M461,Etapa2,Estrés,Norte,8.76,7.104,4.947,7.029
M462,Etapa2,Estrés,Norte,10.211,4.232,5.327,6.511
M463,Etapa2,Estrés,Norte,7.622,6.167,6.394,6.401
M464,Etapa2,Estrés,Norte,9.078,5.725,5.91,7.452
M465,Etapa2,Estrés,Norte,8.064,8.596,6.929,6.933
M466,Etapa2,Estrés,Norte,8.882,10.666,5.647,6.364
M467,Etapa2,Estrés,Norte,9.918,8.696,7.605,8.41
M468,Etapa2,Estrés,Norte,9.562,8.93,6.44,7.977
M469,Etapa2,Estrés,Norte,8.107,7.527,6.632,5.236
M470,Etapa2,Estrés,Norte,7.821,10.283,6.318,5.22
M471,Etapa2,Estrés,Norte,8.75,10.924,7.341,8.739
M472,Etapa2,Estrés,Norte,9.249,9.895,8.07,8.973
M473,Etapa2,Estrés,Norte,9.83,6.984,4.735,6.386
M474,Etapa2,Estrés,Norte,8.934,7.231,6.767,6.184
M475,Etapa2,Estrés,Norte,8.788,5.927,7.43,9.145
M476,Etapa2,Estrés,Norte,8.616,7.341,5.91,7.284
M477,Etapa2,Estrés,Norte,8.63,5.722,5.575,5.628
M478,Etapa2,Estrés,Norte,7.359,7.545,6.039,8.093
M479,Etapa2,Estrés,Norte,9.592,8.584,7.272,8.515
M480,Etapa2,Estrés,Norte,10.52,7.166,6.209,6.014
M481,Etapa2,Estrés,Norte,8.018,5.665,6.626,9.351
M482,Etapa2,Estrés,Norte,6.904,7.99,7.879,8.421
M483,Etapa2,Estrés,Norte,12.188,6.091,5.974,6.043
M484,Etapa2,Estrés,Norte,7.802,6.53,7.469,8.145
M485,Etapa2,Estrés,Norte,8.637,6.701,5.258,3.462
M486,Etapa2,Estrés,Norte,7.941,7.036,6.1,6.056
M487,Etapa2,Estrés,Norte,10.887,7.442,8.018,10.376
M488,Etapa2,Estrés,Norte,8.621,11.675,8.086,7.535
M489,Etapa2,Estrés,Norte,7.66,11.533,7.455,8.359
M490,Etapa2,Estrés,Norte,8.996,7.801,6.731,7.486
M491,Etapa2,Estrés,Norte,9.833,9.873,6.122,4.917
M492,Etapa2,Estrés,Norte,7.61,8.948,7.245,7.358
M493,Etapa2,Estrés,Norte,8.322,9.515,6.828,5.649
M494,Etapa2,Estrés,Norte,8.612,6.689,7.363,6.098
M495,Etapa2,Estrés,Norte,9.663,4.044,6.575,6.722
M496,Etapa2,Estrés,Norte,9.611,6.063,4.664,4.571
M497,Etapa2,Estrés,Norte,11.11,6.946,4.789,5.524
M498,Etapa2,Estrés,Norte,7.415,9.551,6.43,6.833
M499,Etapa2,Estrés,Norte,7.967,6.835,8.245,8.503
M500,Etapa2,Estrés,Norte,6.019,9.545,6.147,6.834
M501,Etapa2,Estrés,Centro,9.074,5.879,5.819,6.381
M502,Etapa2,Estrés,Centro,9.65,5.55,6.433,6.846
M503,Etapa2,Estrés,Centro,7.703,5.732,5.248,5.341
M504,Etapa2,Estrés,Centro,9.837,6.148,6.529,7.526
M505,Etapa2,Estrés,Centro,9.553,6.702,6.102,6.534
M506,Etapa2,Estrés,Centro,9.818,7.214,5.013,4.977
M507,Etapa2,Estrés,Centro,8.289,7.2,6.431,7.748
M508,Etapa2,Estrés,Centro,10.187,8.453,6.188,6.682
M509,Etapa2,Estrés,Centro,7.796,7.263,6.839,8.335
M510,Etapa2,Estrés,Centro,8.81,6.834,4.843,4.857
M511,Etapa2,Estrés,Centro,11.749,4.542,6.09,6.917
M512,Etapa2,Estrés,Centro,9.903,9.51,8.074,8.701
M513,Etapa2,Estrés,Centro,6.557,4.029,6.338,6.602
M514,Etapa2,Estrés,Centro,10.037,8.62,5.106,6.704
M515,Etapa2,Estrés,Centro,9.056,7.279,5.249,6.57
M516,Etapa2,Estrés,Centro,9.073,7.091,6.55,6.839
M517,Etapa2,Estrés,Centro,8.908,4.109,4.131,5.32
M518,Etapa2,Estrés,Centro,12.288,7.682,6.346,5.307
M519,Etapa2,Estrés,Centro,9.625,8.548,4.35,5.661
M520,Etapa2,Estrés,Centro,7.94,9.013,5.981,7.498
M521,Etapa2,Estrés,Centro,9.306,8.201,7.062,7.463
M522,Etapa2,Estrés,Centro,9.833,6.607,8.137,8.304
M523,Etapa2,Estrés,Centro,8.557,4.76,7.938,8.061
M524,Etapa2,Estrés,Centro,9.358,7.665,4.656,6.519
M525,Etapa2,Estrés,Centro,8.223,6.936,6.443,7.127
M526,Etapa2,Estrés,Centro,8.27,7.948,6.824,7.605
M527,Etapa2,Estrés,Centro,8.279,8.812,6.226,6.922
M528,Etapa2,Estrés,Centro,8.889,7.464,5.252,5.852
M529,Etapa2,Estrés,Centro,8.206,6.647,5.873,6.426
M530,Etapa2,Estrés,Centro,10.293,13.399,6.403,8.633
M531,Etapa2,Estrés,Centro,9.126,9.743,6.744,8.205
M532,Etapa2,Estrés,Centro,9.803,8.489,7.361,8.763
M533,Etapa2,Estrés,Centro,10.965,6.687,5.021,7.018
M534,Etapa2,Estrés,Centro,10.139,9.599,5.823,4.763
M535,Etapa2,Estrés,Centro,9.885,7.667,5.585,7.43
M536,Etapa2,Estrés,Centro,9.508,6.53,6.162,5.608
M537,Etapa2,Estrés,Centro,9.768,8.045,5.255,8.651
M538,Etapa2,Estrés,Centro,10.368,9.11,8.619,8.194
M539,Etapa2,Estrés,Centro,9.696,5.761,6.159,7.149
M540,Etapa2,Estrés,Centro,8.129,7.26,8.22,8.301
M541,Etapa2,Estrés,Centro,7.963,9.759,6.906,8.6
M542,Etapa2,Estrés,Centro,9.833,6.975,5.966,6.261
M543,Etapa2,Estrés,Centro,8.9,6.312,6.665,6.45
M544,Etapa2,Estrés,Centro,9.926,7.514,3.809,4.172
M545,Etapa2,Estrés,Centro,9.906,6.756,3.94,7.337
M546,Etapa2,Estrés,Centro,11.023,8.688,5.687,6.766
M547,Etapa2,Estrés,Centro,9.939,7.199,6.684,9.303
M548,Etapa2,Estrés,Centro,7.505,5.82,4.776,6.624
M549,Etapa2,Estrés,Centro,11.045,7.184,6.859,8.042
M550,Etapa2,Estrés,Centro,10.904,8.886,7.218,9.381
M551,Etapa2,Estrés,Sur,10.229,8.28,8.415,9.517
M552,Etapa2,Estrés,Sur,11.019,6.481,7.637,10.165
M553,Etapa2,Estrés,Sur,11.282,6.338,6.796,9.315
M554,Etapa2,Estrés,Sur,10.771,4.142,7.083,8.99
M555,Etapa2,Estrés,Sur,9.224,8.361,5.211,7.847
M556,Etapa2,Estrés,Sur,10.334,5.921,5.215,7.625
M557,Etapa2,Estrés,Sur,10.72,6.478,8.878,11.011
M558,Etapa2,Estrés,Sur,10.128,8.032,6.468,6.868
M559,Etapa2,Estrés,Sur,9.295,8.415,5.22,7.659
M560,Etapa2,Estrés,Sur,9.704,9.794,7.832,8.229
M561,Etapa2,Estrés,Sur,11.103,9.535,4.303,5.435
M562,Etapa2,Estrés,Sur,12.602,8.183,5.93,8.492
M563,Etapa2,Estrés,Sur,10.221,7.778,6.47,9.832
M564,Etapa2,Estrés,Sur,8.246,7.488,4.433,6.792
M565,Etapa2,Estrés,Sur,8.647,6.845,7.07,8.136
M566,Etapa2,Estrés,Sur,8.405,4.719,7.78,9.513
M567,Etapa2,Estrés,Sur,9.607,3.151,7.903,9.666
M568,Etapa2,Estrés,Sur,10.766,7.633,7.918,11.005
M569,Etapa2,Estrés,Sur,11.127,6.37,7.145,9.344
M570,Etapa2,Estrés,Sur,11.037,6.522,5.434,7.443
M571,Etapa2,Estrés,Sur,9.673,9.72,6.376,7.955
M572,Etapa2,Estrés,Sur,10.092,5.347,5.67,5.954
M573,Etapa2,Estrés,Sur,13.1,10.72,6.389,8.347
M574,Etapa2,Estrés,Sur,9.594,8.235,5.858,7.779
M575,Etapa2,Estrés,Sur,9.725,9.215,6.827,9.654
M576,Etapa2,Estrés,Sur,11.053,10.979,7.09,9.687
M577,Etapa2,Estrés,Sur,10.56,7.471,7.707,8.185
M578,Etapa2,Estrés,Sur,11.964,5.271,7.837,9.923
M579,Etapa2,Estrés,Sur,10.635,7.384,7.864,10.63
M580,Etapa2,Estrés,Sur,9.874,6.395,7.449,8.145
M581,Etapa2,Estrés,Sur,7.686,6.413,5.85,8.89
M582,Etapa2,Estrés,Sur,11.888,11.173,5.319,6.701
M583,Etapa2,Estrés,Sur,11.491,5.733,6.241,8.076
M584,Etapa2,Estrés,Sur,8.455,6.866,7.837,9.775
M585,Etapa2,Estrés,Sur,9.469,6.837,7.242,8.159
M586,Etapa2,Estrés,Sur,10.162,6.853,5.691,6.426
M587,Etapa2,Estrés,Sur,10.996,8.062,5.785,7.849
M588,Etapa2,Estrés,Sur,10.551,7.563,6.826,8.464
M589,Etapa2,Estrés,Sur,9.976,11.699,7.538,9.043
M590,Etapa2,Estrés,Sur,11.542,3.741,6.346,7.724
M591,Etapa2,Estrés,Sur,9.859,6.498,7.276,9.25
M592,Etapa2,Estrés,Sur,11.065,5.656,5.935,8.201
M593,Etapa2,Estrés,Sur,9.183,10.239,4.964,7.686
M594,Etapa2,Estrés,Sur,10.526,7.065,8.067,9.521
M595,Etapa2,Estrés,Sur,10.111,7.377,5.922,6.585
M596,Etapa2,Estrés,Sur,9.664,8.075,6.581,7.869
M597,Etapa2,Estrés,Sur,11.852,9.449,6.292,7.643
M598,Etapa2,Estrés,Sur,10.465,7.711,6.372,8.927
M599,Etapa2,Estrés,Sur,9.988,12.278,5.72,4.98
M600,Etapa2,Estrés,Sur,9.642,4.536,4.617,6.154
M601,Etapa3,Control,Norte,9.332,9.43,5.813,4.871
M602,Etapa3,Control,Norte,10.275,8.467,5.748,7.446
M603,Etapa3,Control,Norte,10.153,11.788,5.52,5.535
M604,Etapa3,Control,Norte,7.414,5.779,7.329,7.881
M605,Etapa3,Control,Norte,10.904,11.043,5.567,4.766
M606,Etapa3,Control,Norte,10.04,9.648,4.921,5.951
M607,Etapa3,Control,Norte,14.309,12.359,7.499,7.044
M608,Etapa3,Control,Norte,12.013,8.542,7.367,6.752
M609,Etapa3,Control,Norte,10.402,9.1,7.053,9.894
M610,Etapa3,Control,Norte,9.996,7.589,6.179,6.142
M611,Etapa3,Control,Norte,9.115,7.802,8.256,9.34
M612,Etapa3,Control,Norte,9.671,9.558,5.949,6.698
M613,Etapa3,Control,Norte,8.63,8.613,6.707,8.388
M614,Etapa3,Control,Norte,10.129,9.45,9.262,9.663
M615,Etapa3,Control,Norte,7.981,9.298,6.733,8.407
M616,Etapa3,Control,Norte,14.623,8.067,7.045,7.959
M617,Etapa3,Control,Norte,10.412,7.179,8.223,10.734
M618,Etapa3,Control,Norte,9.518,9.412,6.066,6.514
M619,Etapa3,Control,Norte,10.26,6.412,8.678,7.818
M620,Etapa3,Control,Norte,10.661,7.017,5.461,7.085
M621,Etapa3,Control,Norte,11.503,7.207,7.625,7.818
M622,Etapa3,Control,Norte,9.214,5.324,8.369,9.978
M623,Etapa3,Control,Norte,9.77,9.703,8.235,10.913
M624,Etapa3,Control,Norte,11.635,9.09,8.624,9.849
M625,Etapa3,Control,Norte,8.528,6.554,6.804,8.042
M626,Etapa3,Control,Norte,10.915,9.014,8.078,8.393
M627,Etapa3,Control,Norte,9.202,5.818,8.389,7.843
M628,Etapa3,Control,Norte,11.989,6.91,8.624,9.836
M629,Etapa3,Control,Norte,9.485,9.28,6.377,5.364
M630,Etapa3,Control,Norte,11.813,9.191,7.16,5.427
M631,Etapa3,Control,Norte,10.33,10.987,7.037,5.393
M632,Etapa3,Control,Norte,10.834,10.538,9.149,10.332
M633,Etapa3,Control,Norte,8.756,9.177,6.393,7.219
M634,Etapa3,Control,Norte,11.518,7.879,6.819,6.451
M635,Etapa3,Control,Norte,9.139,8.13,6.499,7.226
M636,Etapa3,Control,Norte,9.703,7.324,7.139,7.939
M637,Etapa3,Control,Norte,7.99,10.919,7.127,8.969
M638,Etapa3,Control,Norte,9.005,13.175,6.857,6.96
M639,Etapa3,Control,Norte,9.61,8.429,7.463,7.67
M640,Etapa3,Control,Norte,11.363,5.962,6.333,6.157
M641,Etapa3,Control,Norte,10.66,8.933,7.925,10.014
M642,Etapa3,Control,Norte,8.98,11.747,6.885,6.477
M643,Etapa3,Control,Norte,11.883,10.119,8.054,8.852
M644,Etapa3,Control,Norte,11.774,8.317,6.956,8.665
M645,Etapa3,Control,Norte,9.252,8.907,5.681,6.111
M646,Etapa3,Control,Norte,12.014,7.126,6.926,7.655
M647,Etapa3,Control,Norte,8.899,7.236,8.377,5.633
M648,Etapa3,Control,Norte,8.975,7.577,6.102,6.048
M649,Etapa3,Control,Norte,8.887,7.673,8.666,8.619
M650,Etapa3,Control,Norte,10.316,8.601,4.928,6.415
M651,Etapa3,Control,Centro,11.422,10.924,7.228,7.81
M652,Etapa3,Control,Centro,13.923,8.912,6.654,8.222
M653,Etapa3,Control,Centro,14.332,11.078,7.996,8.872
M654,Etapa3,Control,Centro,9.902,10.235,6.743,7.067
M655,Etapa3,Control,Centro,10.275,7.709,7.353,9.539
M656,Etapa3,Control,Centro,9.166,9.209,7.589,8.282
M657,Etapa3,Control,Centro,11.537,5.764,6.963,7.536
M658,Etapa3,Control,Centro,9.627,10.338,6.558,8.187
M659,Etapa3,Control,Centro,11.472,9.984,6.041,7.988
M660,Etapa3,Control,Centro,8.939,8.995,9.678,9.224
M661,Etapa3,Control,Centro,9.944,7.236,8.725,9.543
M662,Etapa3,Control,Centro,9.969,7.406,8.159,9.034
M663,Etapa3,Control,Centro,11.806,7.902,6.837,8.478
M664,Etapa3,Control,Centro,10.658,8.902,7.823,9.096
M665,Etapa3,Control,Centro,10.212,6.698,5.59,6.917
M666,Etapa3,Control,Centro,10.256,11.801,5.971,7.35
M667,Etapa3,Control,Centro,13.14,8.234,7.066,8.963
M668,Etapa3,Control,Centro,10.221,6.575,6.458,6.408
M669,Etapa3,Control,Centro,11.226,8.607,7.071,7.382
M670,Etapa3,Control,Centro,11.369,10.84,6.271,6.681
M671,Etapa3,Control,Centro,10.243,8.082,7.144,8.252
M672,Etapa3,Control,Centro,10.764,7.253,8.398,8.991
M673,Etapa3,Control,Centro,9.332,9.427,8.665,10.495
M674,Etapa3,Control,Centro,9.03,10.17,4.27,5.751
M675,Etapa3,Control,Centro,12.869,8.369,7.387,8.59
M676,Etapa3,Control,Centro,11.954,8.011,7.392,7.736
M677,Etapa3,Control,Centro,10.707,7.361,7.237,8.955
M678,Etapa3,Control,Centro,11.789,7.964,6.433,6.335
M679,Etapa3,Control,Centro,9.516,9.562,8.194,9.771
M680,Etapa3,Control,Centro,11.564,10.698,8.205,10.835
M681,Etapa3,Control,Centro,10.784,8.541,6.802,7.063
M682,Etapa3,Control,Centro,10.567,8.833,6.766,6.697
M683,Etapa3,Control,Centro,10.364,8.384,6.028,8.271
M684,Etapa3,Control,Centro,10.688,10.17,8.508,10.201
M685,Etapa3,Control,Centro,11.005,7.681,7.553,8.31
M686,Etapa3,Control,Centro,10.632,6.633,6.565,7.451
M687,Etapa3,Control,Centro,10.738,10.68,6.245,7.321
M688,Etapa3,Control,Centro,13.072,6.352,7.424,7.841
M689,Etapa3,Control,Centro,11.844,9.486,7.008,7.213
M690,Etapa3,Control,Centro,9.753,9.167,7.577,8.903
M691,Etapa3,Control,Centro,12.403,8.554,7.211,8.426
M692,Etapa3,Control,Centro,8.99,9.593,6.248,9.173
M693,Etapa3,Control,Centro,9.899,11.39,6.716,9.243
M694,Etapa3,Control,Centro,10.418,9.078,6.979,7.325
M695,Etapa3,Control,Centro,10.224,7.26,8.802,9.731
M696,Etapa3,Control,Centro,12.518,7.686,8.191,9.575
M697,Etapa3,Control,Centro,12.972,9.256,5.408,7.065
M698,Etapa3,Control,Centro,12.433,10.864,7.979,9.788
M699,Etapa3,Control,Centro,13.291,12.981,7.327,8.63
M700,Etapa3,Control,Centro,9.725,4.608,5.813,6.676
M701,Etapa3,Control,Sur,12.713,4.228,6.518,8.053
M702,Etapa3,Control,Sur,13.806,6.949,7.003,7.288
M703,Etapa3,Control,Sur,10.074,9.46,8.653,10.148
M704,Etapa3,Control,Sur,11.724,10.203,5.548,7.155
M705,Etapa3,Control,Sur,13.585,9.071,8.183,9.009
M706,Etapa3,Control,Sur,11.334,10.076,8.043,8.748
M707,Etapa3,Control,Sur,10.349,9.798,6.298,9.665
M708,Etapa3,Control,Sur,12.138,6.76,7.604,8.889
M709,Etapa3,Control,Sur,12.278,6.571,6.152,7.546
M710,Etapa3,Control,Sur,13.131,7.243,6.059,9.474
M711,Etapa3,Control,Sur,10.597,4.321,6.0,7.744
M712,Etapa3,Control,Sur,10.643,8.682,5.851,8.341
M713,Etapa3,Control,Sur,12.174,8.51,6.712,7.612
M714,Etapa3,Control,Sur,12.667,6.789,5.421,8.14
M715,Etapa3,Control,Sur,13.988,9.117,7.524,8.687
M716,Etapa3,Control,Sur,11.931,5.607,7.99,8.871
M717,Etapa3,Control,Sur,9.752,9.007,5.852,8.158
M718,Etapa3,Control,Sur,11.467,8.107,8.584,8.406
M719,Etapa3,Control,Sur,10.8,8.322,7.24,9.71
M720,Etapa3,Control,Sur,10.541,10.098,5.873,6.007
M721,Etapa3,Control,Sur,11.04,5.738,6.535,7.052
M722,Etapa3,Control,Sur,12.938,9.037,7.367,7.846
M723,Etapa3,Control,Sur,13.269,9.285,6.824,8.61
M724,Etapa3,Control,Sur,13.108,7.44,7.967,7.548
M725,Etapa3,Control,Sur,11.067,10.23,6.398,7.392
M726,Etapa3,Control,Sur,11.717,5.991,6.865,8.918
M727,Etapa3,Control,Sur,14.013,9.067,7.674,9.283
M728,Etapa3,Control,Sur,12.685,8.853,6.721,7.449
M729,Etapa3,Control,Sur,13.67,10.848,6.234,8.089
M730,Etapa3,Control,Sur,11.605,7.575,6.159,7.639
M731,Etapa3,Control,Sur,11.376,8.019,9.261,10.487
M732,Etapa3,Control,Sur,9.486,6.625,6.731,7.959
M733,Etapa3,Control,Sur,14.024,6.43,6.282,6.544
M734,Etapa3,Control,Sur,10.241,7.294,10.04,10.636
M735,Etapa3,Control,Sur,12.612,7.917,7.736,8.73
M736,Etapa3,Control,Sur,11.775,7.839,7.393,9.294
M737,Etapa3,Control,Sur,13.662,9.241,5.718,8.909
M738,Etapa3,Control,Sur,12.132,9.13,5.159,6.612
M739,Etapa3,Control,Sur,12.51,9.896,8.126,10.98
M740,Etapa3,Control,Sur,11.176,7.829,8.373,9.796
M741,Etapa3,Control,Sur,9.989,6.025,9.401,9.933
M742,Etapa3,Control,Sur,12.085,10.958,5.367,7.552
M743,Etapa3,Control,Sur,10.64,9.401,8.003,9.956
M744,Etapa3,Control,Sur,12.302,7.739,7.656,9.789
M745,Etapa3,Control,Sur,10.444,7.927,9.19,10.26
M746,Etapa3,Control,Sur,9.987,10.918,7.051,9.597
M747,Etapa3,Control,Sur,12.121,6.809,7.008,9.124
M748,Etapa3,Control,Sur,11.584,8.8,6.756,7.952
M749,Etapa3,Control,Sur,13.012,8.913,7.738,8.813
M750,Etapa3,Control,Sur,10.953,5.641,7.885,11.913
M751,Etapa3,Estrés,Norte,10.505,8.539,8.819,9.753
M752,Etapa3,Estrés,Norte,11.904,8.416,8.896,7.942
M753,Etapa3,Estrés,Norte,11.872,11.958,7.918,8.472
M754,Etapa3,Estrés,Norte,11.6,9.179,8.056,8.417
M755,Etapa3,Estrés,Norte,10.665,10.699,6.605,6.63
M756,Etapa3,Estrés,Norte,10.928,11.275,7.893,6.464
M757,Etapa3,Estrés,Norte,13.371,5.075,7.778,7.303
M758,Etapa3,Estrés,Norte,11.844,8.192,7.557,7.366
M759,Etapa3,Estrés,Norte,11.062,8.555,8.353,8.656
M760,Etapa3,Estrés,Norte,13.104,9.354,7.595,7.017
M761,Etapa3,Estrés,Norte,11.529,11.718,5.887,8.48
M762,Etapa3,Estrés,Norte,12.601,8.571,7.222,8.153
M763,Etapa3,Estrés,Norte,10.876,10.226,6.851,7.729
M764,Etapa3,Estrés,Norte,12.38,6.893,8.791,7.983
M765,Etapa3,Estrés,Norte,11.699,6.765,7.541,8.862
M766,Etapa3,Estrés,Norte,11.011,10.242,5.363,6.7
M767,Etapa3,Estrés,Norte,12.908,10.192,8.006,9.892
M768,Etapa3,Estrés,Norte,12.921,8.223,9.241,7.747
M769,Etapa3,Estrés,Norte,12.442,8.084,7.272,8.742
M770,Etapa3,Estrés,Norte,11.277,6.539,5.745,8.067
M771,Etapa3,Estrés,Norte,10.014,9.856,7.205,7.309
M772,Etapa3,Estrés,Norte,13.993,7.496,7.712,6.679
M773,Etapa3,Estrés,Norte,11.248,10.324,8.02,7.532
M774,Etapa3,Estrés,Norte,13.806,11.34,8.467,9.13
M775,Etapa3,Estrés,Norte,14.031,9.322,7.156,7.4
M776,Etapa3,Estrés,Norte,11.432,7.35,9.39,10.154
M777,Etapa3,Estrés,Norte,14.02,8.867,8.828,10.184
M778,Etapa3,Estrés,Norte,13.372,10.578,10.081,10.062
M779,Etapa3,Estrés,Norte,11.999,8.531,6.0,7.28
M780,Etapa3,Estrés,Norte,15.03,8.355,8.561,9.386
M781,Etapa3,Estrés,Norte,10.759,11.761,8.635,8.044
M782,Etapa3,Estrés,Norte,10.876,5.817,9.384,9.181
M783,Etapa3,Estrés,Norte,10.006,8.986,9.19,8.629
M784,Etapa3,Estrés,Norte,12.871,5.917,9.15,9.587
M785,Etapa3,Estrés,Norte,11.955,12.362,8.155,8.442
M786,Etapa3,Estrés,Norte,11.636,5.393,7.788,9.491
M787,Etapa3,Estrés,Norte,13.432,10.515,6.747,8.149
M788,Etapa3,Estrés,Norte,12.554,8.109,11.119,9.968
M789,Etapa3,Estrés,Norte,11.856,9.409,9.178,8.844
M790,Etapa3,Estrés,Norte,13.232,8.979,6.746,7.49
M791,Etapa3,Estrés,Norte,11.557,11.666,5.732,7.141
M792,Etapa3,Estrés,Norte,13.711,8.541,6.379,6.793
M793,Etapa3,Estrés,Norte,13.307,10.74,8.886,6.755
M794,Etapa3,Estrés,Norte,11.837,7.969,7.575,7.364
M795,Etapa3,Estrés,Norte,13.443,5.154,8.469,7.924
M796,Etapa3,Estrés,Norte,12.087,9.668,6.36,7.279
M797,Etapa3,Estrés,Norte,11.189,9.48,7.489,8.032
M798,Etapa3,Estrés,Norte,9.592,8.182,8.404,7.564
M799,Etapa3,Estrés,Norte,10.215,5.49,8.314,8.149
M800,Etapa3,Estrés,Norte,11.882,9.261,6.831,6.793
M801,Etapa3,Estrés,Centro,12.233,9.588,9.446,8.816
M802,Etapa3,Estrés,Centro,14.11,7.483,8.136,8.808
M803,Etapa3,Estrés,Centro,12.548,5.436,6.85,7.649
M804,Etapa3,Estrés,Centro,13.556,8.26,10.221,10.608
M805,Etapa3,Estrés,Centro,11.994,4.385,6.761,9.64
M806,Etapa3,Estrés,Centro,13.063,7.793,7.84,8.738
M807,Etapa3,Estrés,Centro,14.737,8.59,7.664,7.693
M808,Etapa3,Estrés,Centro,14.119,7.945,8.856,9.587
M809,Etapa3,Estrés,Centro,12.179,9.67,6.671,7.943
M810,Etapa3,Estrés,Centro,14.306,9.906,5.634,6.497
M811,Etapa3,Estrés,Centro,13.832,6.507,9.08,9.956
M812,Etapa3,Estrés,Centro,12.223,9.038,8.252,11.628
M813,Etapa3,Estrés,Centro,11.582,9.086,8.263,10.524
M814,Etapa3,Estrés,Centro,11.077,13.416,8.067,7.805
M815,Etapa3,Estrés,Centro,13.081,10.248,8.381,8.156
M816,Etapa3,Estrés,Centro,11.607,10.467,8.277,8.543
M817,Etapa3,Estrés,Centro,14.129,7.926,7.766,7.808
M818,Etapa3,Estrés,Centro,13.71,5.845,8.388,8.376
M819,Etapa3,Estrés,Centro,11.923,10.113,8.326,9.422
M820,Etapa3,Estrés,Centro,11.289,10.932,5.11,5.796
M821,Etapa3,Estrés,Centro,13.143,8.208,9.071,10.503
M822,Etapa3,Estrés,Centro,13.015,13.101,8.676,9.692
M823,Etapa3,Estrés,Centro,14.421,6.772,8.206,8.358
M824,Etapa3,Estrés,Centro,14.327,5.634,4.679,6.522
M825,Etapa3,Estrés,Centro,12.383,11.273,7.75,10.778
M826,Etapa3,Estrés,Centro,14.072,12.682,7.608,7.879
M827,Etapa3,Estrés,Centro,14.834,10.158,7.15,9.17
M828,Etapa3,Estrés,Centro,12.673,8.097,7.93,9.775
M829,Etapa3,Estrés,Centro,11.972,7.806,8.651,9.37
M830,Etapa3,Estrés,Centro,12.733,9.527,8.365,9.066
M831,Etapa3,Estrés,Centro,13.548,8.795,8.036,11.425
M832,Etapa3,Estrés,Centro,10.679,7.197,7.032,9.038
M833,Etapa3,Estrés,Centro,12.654,8.601,6.8,7.455
M834,Etapa3,Estrés,Centro,12.703,4.678,7.319,6.782
M835,Etapa3,Estrés,Centro,13.282,11.117,9.167,9.593
M836,Etapa3,Estrés,Centro,12.432,8.075,9.051,9.784
M837,Etapa3,Estrés,Centro,12.358,11.161,8.6,9.99
M838,Etapa3,Estrés,Centro,12.739,9.778,6.134,6.217
M839,Etapa3,Estrés,Centro,13.041,9.069,7.451,9.042
M840,Etapa3,Estrés,Centro,10.698,6.22,7.159,8.121
M841,Etapa3,Estrés,Centro,14.127,9.807,9.288,8.855
M842,Etapa3,Estrés,Centro,12.566,7.861,6.218,6.327
M843,Etapa3,Estrés,Centro,11.907,9.611,9.268,8.083
M844,Etapa3,Estrés,Centro,13.474,8.647,6.899,8.018
M845,Etapa3,Estrés,Centro,12.416,12.317,7.896,9.742
M846,Etapa3,Estrés,Centro,13.736,9.062,7.732,8.359
M847,Etapa3,Estrés,Centro,11.732,12.029,6.735,6.77
M848,Etapa3,Estrés,Centro,12.807,7.594,9.605,11.479
M849,Etapa3,Estrés,Centro,13.763,10.973,9.515,10.236
M850,Etapa3,Estrés,Centro,13.463,8.765,7.879,9.207
M851,Etapa3,Estrés,Sur,12.882,11.989,8.742,9.123
M852,Etapa3,Estrés,Sur,14.287,8.955,8.405,7.347
M853,Etapa3,Estrés,Sur,13.311,10.785,7.968,9.498
M854,Etapa3,Estrés,Sur,11.51,6.29,8.319,8.895
M855,Etapa3,Estrés,Sur,12.832,7.642,6.913,7.942
M856,Etapa3,Estrés,Sur,14.958,11.654,7.111,9.928
M857,Etapa3,Estrés,Sur,12.63,6.693,8.115,11.188
M858,Etapa3,Estrés,Sur,13.438,6.604,9.623,12.696
M859,Etapa3,Estrés,Sur,12.286,11.138,7.827,7.748
M860,Etapa3,Estrés,Sur,14.238,8.803,7.962,9.607
M861,Etapa3,Estrés,Sur,12.773,9.575,7.645,7.504
M862,Etapa3,Estrés,Sur,12.859,7.895,5.436,9.347
M863,Etapa3,Estrés,Sur,13.899,9.867,8.055,7.956
M864,Etapa3,Estrés,Sur,13.371,6.086,7.839,10.007
M865,Etapa3,Estrés,Sur,12.12,5.847,6.777,8.938
M866,Etapa3,Estrés,Sur,14.134,10.126,7.273,9.063
M867,Etapa3,Estrés,Sur,15.212,9.155,8.502,9.242
M868,Etapa3,Estrés,Sur,14.013,6.384,8.44,8.575
M869,Etapa3,Estrés,Sur,12.234,6.965,5.944,7.93
M870,Etapa3,Estrés,Sur,15.277,8.734,7.783,8.568
M871,Etapa3,Estrés,Sur,14.642,6.139,8.683,8.634
M872,Etapa3,Estrés,Sur,14.312,7.627,6.252,7.052
M873,Etapa3,Estrés,Sur,12.283,9.46,6.823,6.944
M874,Etapa3,Estrés,Sur,12.368,8.573,8.086,9.582
M875,Etapa3,Estrés,Sur,12.275,8.698,7.571,8.137
M876,Etapa3,Estrés,Sur,12.369,11.295,7.471,7.784
M877,Etapa3,Estrés,Sur,12.61,9.552,9.381,10.159
M878,Etapa3,Estrés,Sur,13.526,11.393,6.872,7.859
M879,Etapa3,Estrés,Sur,12.701,10.851,8.161,9.512
M880,Etapa3,Estrés,Sur,12.777,10.914,4.89,7.036
M881,Etapa3,Estrés,Sur,11.584,9.108,8.584,8.878
M882,Etapa3,Estrés,Sur,15.008,8.67,8.503,10.814
M883,Etapa3,Estrés,Sur,11.521,9.53,7.987,8.656
M884,Etapa3,Estrés,Sur,14.771,6.047,8.08,8.334
M885,Etapa3,Estrés,Sur,13.825,9.601,7.794,9.843
M886,Etapa3,Estrés,Sur,14.705,8.055,8.269,9.145
M887,Etapa3,Estrés,Sur,15.247,7.822,8.754,9.557
M888,Etapa3,Estrés,Sur,11.748,9.305,6.181,9.018
M889,Etapa3,Estrés,Sur,12.393,8.099,7.137,8.037
M890,Etapa3,Estrés,Sur,12.992,7.464,7.079,8.218
M891,Etapa3,Estrés,Sur,11.241,8.294,7.001,7.445
M892,Etapa3,Estrés,Sur,13.594,8.411,8.457,8.611
M893,Etapa3,Estrés,Sur,15.145,9.241,9.965,11.449
M894,Etapa3,Estrés,Sur,12.335,6.406,8.792,11.75
M895,Etapa3,Estrés,Sur,12.401,9.821,6.051,7.908
M896,Etapa3,Estrés,Sur,15.121,10.037,6.149,6.945
M897,Etapa3,Estrés,Sur,14.304,12.44,7.923,8.139
M898,Etapa3,Estrés,Sur,13.665,6.588,5.374,5.748
M899,Etapa3,Estrés,Sur,13.447,5.329,7.582,11.851
M900,Etapa3,Estrés,Sur,14.225,9.413,8.962,9.748
